record_id,record_type,relationship,confidence,client_or_owner,name,address_fin,city,postal_code,gross_floor_area_m2,volume_m3,number_of_storeys,completion_date,rank_gfa,main_purpose_fi,heating_method_fi,heating_energy_source_fi,facade_material_fi,load_bearing_material_fi,construction_method_fi,usage_status_fi,permanent_building_identifier,property_identifier,lon,lat,building_key,mandate_since,scale_note,source_url,notes
S-HQ-001,occupied_hq,tenant_not_manager,high,Colony (Altaal / Avant Capital Partners); CGI anchor tenant,Colony Pitäjänmäki — Sustera Finland HQ,Karvaamokuja 2d | Piimäenpolku 2,Helsinki,00380,20219,117059,7,2004-05-24,143,"Toimisto-, tuotanto-, yhdyskuntatekniikan tai muut rakennukset",Vesikeskuslämmitys,Kauko- tai aluelämpö,Lasi,Betoni,Elementti,Tyhjillään,101633083J,09104600250015,24.88137528,60.2143926,da65ec3a-388d-448f-ac4f-86c48fb5b9e2,2025-01,"Building GFA 20219 m2; Sustera lease ~2500 m2 (~300 staff, one floor)",https://sustera.fi/toimisto/helsinki/,Registered visiting address Karvaamokuja 2 D. Ryhti vacant flag is stale vs Colony occupancy. Colony markets ~18500 m2 / 8 floors / year 2004.
S-MGT-001,managed_contract,technical_manager,high,Kampin Keskus Oy,Kampin Keskus,Tennispalatsinaukio 4 | Urho Kekkosen katu 1 | Urho Kekkosen katu 5 | Fredrikinkatu 63a | Urho Kekkosen katu 3 | Annanaukio 2 | Narinkka 5 | Urho Kekkosen katu 7,Helsinki,00100,81257,644899,9,2005-09-16,5,Julkinen rakennus,Vesikeskuslämmitys,Kauko- tai aluelämpö,Tiili,Betoni,Elementti,Käytetään vakinaiseen asumiseen,103055979D,09100400070006,24.93223275,60.16869572,4765781a-4a7f-4ce4-a452-856db7be8b24,2022-spring,Contract 135976 brm2 for whole Kampin Keskus Oy; this Ryhti row is the largest piece (81257 m2),https://sustera.fi/referenssi/kampin-keskus-oy-tekninen-manageeraus/,"BMS, security, PTS, energy allocation. Nearby Ryhti rows 89/469/511/530 may also sit in the mandate (not proven one-by-one)."
S-MGT-002,managed_contract,technical_manager,high,eQ Liikekiinteistöt,Monitoimikeskus Dixi,Ratatie 11,Vantaa,01300,,,,2015,,,,,,,,,,,,,,2015,>50000 brm2 (Sustera); Dixi.info lists 37671 m2 for the mall,https://sustera.fi/referenssi/monitoimikeskus-dixin-teknista-manageerausta-vuodesta-2015/,Outside Helsinki municipality 091. Technical manager Tom Bergholm from opening.
S-MGT-003,managed_contract,technical_manager,high,Valion Eläkekassa,Valio Eläkekassa commercial book (7 sites),,Helsinki region,,37000,,,,,,,,,,,,,,,,,2021-summer,"7 commercial properties = 37000 m2, mainly Helsinki region",https://sustera.fi/referenssi/tekninen-manageeraus-case-valion-elakekassa/,Sustera did not itemize the seven. Rows S-VAL-001..004 are Valio-published Helsinki addresses that match Ryhti.
S-MGT-004,managed_contract,technical_manager,high,Valion Eläkekassa,Valio Eläkekassa residential (3 sites),,Helsinki region,,,,,,,Kerrostalo,,,,,,,,,,,,2024-06,3 residential properties; addresses not published by Sustera,https://sustera.fi/referenssi/tekninen-manageeraus-case-valion-elakekassa/,Expanded from the 2021 commercial mandate.
S-MGT-005,managed_contract,technical_manager,medium,SBB / Samhällsbyggnadsbolaget i Norden AB,SBB Finland technical-management book,,Helsinki region / Tampere / Turku / Oulu,,247331,,,,,,,,,,,,,,,,,2018,"26 properties, 247331 m2 as of summer 2022 (EcoReal-era case)",https://sustera.fi/referenssi/sbb-tekninen-manageeraus/,"Dated. SBB has been selling Finnish assets; current count unknown. Named examples: Mediapolis Tampere, Medipolis Oulu."
S-MGT-006,managed_contract,technical_manager,high,Sanoma Manu Oy,Sanoma Manu newspaper print plant,,Tampere,,15000,,,2013,,,,,,,,,,,,,,2023-spring,~15000 m2 production building,https://sustera.fi/referenssi/sanoma-manu-oy-tekninen-manageeraus/,Street not published on the Sustera case page.
S-MGT-007,managed_contract,technical_manager,high,Aktiivitilat / Suomen Hallikiinteistöt Ky (Keva),Suomen Hallikiinteistöt hall portfolio,,Helsinki region,,,,,,,,,,,,,,,,,,,2025,Count unpublished; production/warehouse halls,https://sustera.fi/referenssi/aktiivitilat-susteran-tekninen-manageeraus-vapautti-aikaa-asiakastyohon/,"Only named site in the case is Ruukintie 18, Espoo (S-MGT-008)."
S-MGT-008,managed_named_site,technical_manager,high,Aktiivitilat / Suomen Hallikiinteistöt Ky,Ruukintie hall,Ruukintie 18,Espoo,,,,,,,,,,,,,,,,,,,2025,,https://sustera.fi/referenssi/aktiivitilat-susteran-tekninen-manageeraus-vapautti-aikaa-asiakastyohon/,Service providers replaced after acquisition. Outside Helsinki 091.
S-MGT-009,managed_named_site,technical_manager,medium,SBB,Mediapolis,Tohlopinranta 31,Tampere,33270,,,,,,,,,,,,,,,,,,2018,Named in SBB 2022 case; part of 26-site book,https://sustera.fi/referenssi/sbb-tekninen-manageeraus/,Address from Tampere city lease papers (SBB Finland Oy). Dated.
S-MGT-010,managed_named_site,technical_manager,medium,SBB,Medipolis,,Oulu,,,,,,,,,,,,,,,,,,,2018,Named in SBB 2022 case; street not on Sustera page,https://sustera.fi/referenssi/sbb-tekninen-manageeraus/,Dated. SBB Finnish book may have been sold in part.
S-VAL-001,managed_helsinki_match,likely_in_valio_mandate,medium,Valion Eläkekassa,Meijeritie 4,Meijeritie 4,Helsinki,00370,12657,65049,5,1985-10-25,373,"Toimisto-, tuotanto-, yhdyskuntatekniikan tai muut rakennukset",Vesikeskuslämmitys,Kauko- tai aluelämpö,Metallilevy,Betoni,Elementti,Tyhjillään,101642799Y,09104600340010,24.87223345,60.2231475,43772489-04fa-4e4c-9906-c87181dc2342,2021-summer,12657 m2,https://www.valionelakekassa.fi/yhteystiedot/,Valio Eläkekassa visiting address. Likely among the 7 commercial sites Sustera manages; not itemized by Sustera.
S-VAL-002,managed_helsinki_match,likely_in_valio_mandate,medium,Valion Eläkekassa,Eerikinkatu 28,Albertinkatu 35 | Eerikinkatu 28,Helsinki,00180,4888,17283,9,1962-01-01,2301,"Toimisto-, tuotanto-, yhdyskuntatekniikan tai muut rakennukset",Vesikeskuslämmitys,Kauko- tai aluelämpö,Tiili,Betoni,Elementti,Tyhjillään,103056110M,09100400740001,24.93173517,60.16571492,f3e6626d-9b56-4292-a44c-3279902d8883,2021-summer,4888 m2,https://www.valionelakekassa.fi/tilojen-vuokraus/,On Valio Eläkekassa lettable list. Not itemized by Sustera as one of the seven.
S-VAL-003,managed_helsinki_match,likely_in_valio_mandate,medium,Valion Eläkekassa,Yliopistonkatu 5,Vuorikatu 2 | Yliopistonkatu 5,Helsinki,00100,6341,37947,3,1972-01-01,1377,"Toimisto-, tuotanto-, yhdyskuntatekniikan tai muut rakennukset",Vesikeskuslämmitys,Kauko- tai aluelämpö,Lasi,Betoni,Paikalla tehty,Tyhjillään,103036738R,09100200020007,24.94704005,60.1700128,5931764b-80b7-4968-aac5-aab45d4f0cbb,2021-summer,6341 m2,https://www.valionelakekassa.fi/tilojen-vuokraus/,On Valio Eläkekassa lettable list. Not itemized by Sustera as one of the seven.
S-VAL-004,managed_helsinki_match,likely_in_valio_mandate,medium,Valion Eläkekassa,Yrjönkatu 36,Yrjönkatu 36,Helsinki,00100,3262,14224,7,1980-01-01,4314,"Toimisto-, tuotanto-, yhdyskuntatekniikan tai muut rakennukset",Vesikeskuslämmitys,Kauko- tai aluelämpö,Tiili,Betoni,,Tyhjillään,103056038A,09100400680004,24.93630379,60.16845381,b0fc5921-60d8-4747-a36c-c73c89068f23,2021-summer,3262 m2,https://www.valionelakekassa.fi/tilojen-vuokraus/,On Valio Eläkekassa lettable list. Not itemized by Sustera as one of the seven.
S-KMP-089,kamppi_nearby,possible_kamppi_mandate,low,Kampin Keskus Oy (unconfirmed for this row),Malminrinne / Kampinkuja office,Malminrinne 6 | Fredrikinkatu 44 | Runeberginkatu 1 | Kampinkuja 2,Helsinki,00100,24167,129200,8,1972-12-31,89,"Toimisto-, tuotanto-, yhdyskuntatekniikan tai muut rakennukset",Vesikeskuslämmitys,Kauko- tai aluelämpö,Metallilevy,Betoni,Paikalla tehty,Tyhjillään,103075011B,09100402160001,24.93060985,60.16813147,0402e672-889f-4a44-8155-791ca127cccf,2022-spring,24167 m2,https://sustera.fi/referenssi/kampin-keskus-oy-tekninen-manageeraus/,Adjacent to Kamppi; not proven to be in the 135976 brm2 mandate.
S-CAMP-2A,campus_nearby,same_street_not_sustera,high,,Karvaamokuja 2a,Karvaamokuja 2a,Helsinki,00380,10850,67030,7,2016-03-29,498,"Toimisto-, tuotanto-, yhdyskuntatekniikan tai muut rakennukset",Vesikeskuslämmitys,Kauko- tai aluelämpö,Muu,Betoni,Elementti,Tyhjillään,103166542Y,09104600250018,24.88241114,60.2156846,e2341b4f-1afa-4b0f-bbc9-95c65fa8f8a5,,10850 m2,,Same street as Colony HQ. Not Sustera's listed address.
S-CAMP-2B,campus_nearby,same_street_not_sustera,high,,Karvaamokuja 2b,Karvaamokuja 2b,Helsinki,00380,8994,62317,7,2019-03-11,742,"Toimisto-, tuotanto-, yhdyskuntatekniikan tai muut rakennukset",Ilmakeskuslämmitys,Kauko- tai aluelämpö,Lasi,Betoni,Elementti,Käytöstä ei ole tietoa,1036494953,09104600250019,24.88262571,60.21543653,1b0a0009-7d53-4bc4-8b13-29c5f173f0de,,8994 m2,,Same street as Colony HQ. Not Sustera's listed address.
S-CAMP-2E,campus_nearby,same_street_not_sustera,high,,Karvaamokuja 2e,Karvaamokuja 2e,Helsinki,00380,4414,17850,,2016-03-29,2740,"Toimisto-, tuotanto-, yhdyskuntatekniikan tai muut rakennukset",Ei kiinteää lämmityslaitetta,,Metallilevy,Betoni,Elementti,Tyhjillään,101059433P,09104600250020,24.88192637,60.21508404,fb80a55e-876b-43ea-bd1b-79992e710e77,,4414 m2,,Same street as Colony HQ. Not Sustera's listed address.
S-OFF-HML,occupied_office,occupies,high,Sustera Oy (tenant),Sustera office — Hämeenlinna,Kasarmikatu 23,Hämeenlinna,13100,,,,,,,,,,,,,,,,,,,,https://sustera.fi/yhteystiedot/,"Occupied office, not a management mandate"
S-OFF-JOE,occupied_office,occupies,high,Sustera Oy (tenant),Sustera office — Joensuu,"Masterintie 1 B 1, Lehmo",Joensuu,80710,,,,,,,,,,,,,,,,,,,,https://sustera.fi/yhteystiedot/,"Occupied office, not a management mandate"
S-OFF-JKL,occupied_office,occupies,high,Sustera Oy (tenant),Sustera office — Jyväskylä,Ahjokatu 26,Jyväskylä,40320,,,,,,,,,,,,,,,,,,,,https://sustera.fi/yhteystiedot/,"Occupied office, not a management mandate"
S-OFF-KUO,occupied_office,occupies,high,Sustera Oy (tenant),Sustera office — Kuopio,Ankkuritie 1,Kuopio,70460,,,,,,,,,,,,,,,,,,,,https://sustera.fi/yhteystiedot/,"Occupied office, not a management mandate"
S-OFF-LHI,occupied_office,occupies,high,Sustera Oy (tenant),Sustera office — Lahti,"Vesijärvenkatu 20 C, 3. krs",Lahti,15140,,,,,,,,,,,,,,,,,,,,https://sustera.fi/yhteystiedot/,"Occupied office, not a management mandate"
S-OFF-LPR,occupied_office,occupies,high,Sustera Oy (tenant),Sustera office — Lappeenranta,Oppilaankatu 4,Lappeenranta,53100,,,,,,,,,,,,,,,,,,,,https://sustera.fi/yhteystiedot/,"Occupied office, not a management mandate"
S-OFF-MIK,occupied_office,occupies,high,Sustera Oy (tenant),Sustera office — Mikkeli,Nuijamiestenkatu 24,Mikkeli,50100,,,,,,,,,,,,,,,,,,,,https://sustera.fi/yhteystiedot/,"Occupied office, not a management mandate"
S-OFF-OUL,occupied_office,occupies,high,Sustera Oy (tenant),Sustera office — Oulu,Konetie 33a,Oulu,90620,,,,,,,,,,,,,,,,,,,,https://sustera.fi/yhteystiedot/,"Occupied office, not a management mandate"
S-OFF-SEI,occupied_office,occupies,high,Sustera Oy (tenant),Sustera office — Seinäjoki,Sahalankatu 5A1,Seinäjoki,60100,,,,,,,,,,,,,,,,,,,,https://sustera.fi/yhteystiedot/,"Occupied office, not a management mandate"
S-OFF-TRE,occupied_office,occupies,high,Sustera Oy (tenant),Sustera office — Tampere,Hatanpään valtatie 36,Tampere,33100,,,,,,,,,,,,,,,,,,,,https://sustera.fi/yhteystiedot/,"Occupied office, not a management mandate"
S-OFF-TKU,occupied_office,occupies,high,Sustera Oy (tenant),Sustera office — Turku,"High Tech City, Lemminkäisenkatu 48, 2 krs",Turku,20520,,,,,,,,,,,,,,,,,,,,https://sustera.fi/yhteystiedot/,"Occupied office, not a management mandate"
